 "class" , "classLabel" , "subClassOf" , "subClassOfLabel" ,
 "https://www.sdir.no/SDIR_Simulator#ParachuteFlare" , "Parachute flare" , "https://www.sdir.no/SDIR_Simulator#DistressSignalEquipment" , "Distress signal equipment" ,
 "https://www.sdir.no/SDIR_Simulator#CargoSpaces" , "Cargo spaces" , "https://www.sdir.no/SDIR_Simulator#Placement" , "Placement" ,
 "https://www.sdir.no/SDIR_Simulator#Radio" , "Radio" , "https://www.sdir.no/SDIR_Simulator#Equipment" , "Equipment" ,
 "https://www.sdir.no/SDIR_Simulator#Subregion" , "Subregion" , "https://www.sdir.no/SDIR_Simulator#GeographicalLocation" , "Geographical location" ,
 "https://www.sdir.no/SDIR_Simulator#Liferaft" , "Liferaft" , "https://www.sdir.no/SDIR_Simulator#SurvivalCraft" , "Survival craft" ,
 "https://www.sdir.no/SDIR_Simulator#GreaterFjordFishing" , "Greater than fjord fishing" , "https://www.sdir.no/SDIR_Simulator#TradeArea" , "Trade area" ,
 "https://www.sdir.no/SDIR_Simulator#DeclarationOfSurveys" , "Declaration of surveys" , "https://www.sdir.no/SDIR_Simulator#Information" , "Information" ,
 "https://www.sdir.no/SDIR_Simulator#FireExtinguisher" , "Fire extinguisher" , "https://www.sdir.no/SDIR_Simulator#Fireproofing" , "Firesafety" ,
 "https://www.sdir.no/SDIR_Simulator#FireExtinguisher" , "Fire extinguisher" , "https://www.sdir.no/SDIR_Simulator#Equipment" , "Equipment" ,
 "https://www.sdir.no/SDIR_Simulator#Ventilator" , "Ventilator" , "https://www.sdir.no/SDIR_Simulator#Ventilation" , "Ventilation" ,
 "https://www.sdir.no/SDIR_Simulator#Country" , "Country" , "https://www.sdir.no/SDIR_Simulator#GeographicalLocation" , "Geographical location" ,
 "https://www.sdir.no/SDIR_Simulator#Sweden" , "Sweden" , "https://www.sdir.no/SDIR_Simulator#Country" , "Country" ,
 "https://www.sdir.no/SDIR_Simulator#DrainPipe" , "Drain pipe" , "https://www.sdir.no/SDIR_Simulator#Pipe" , "Pipe" ,
 "https://www.sdir.no/SDIR_Simulator#SafetyMessages" , "Safety messages" , "https://www.sdir.no/SDIR_Simulator#Information" , "Information" ,
 "https://www.sdir.no/SDIR_Simulator#MusterList" , "Muster list" , "https://www.sdir.no/SDIR_Simulator#Information" , "Information" ,
 "https://www.sdir.no/SDIR_Simulator#NorwegianEconomicZone" , "Norwegian economic zone" , "https://www.sdir.no/SDIR_Simulator#GeographicalLocation" , "Geographical location" ,
 "https://www.sdir.no/SDIR_Simulator#SmokeAlarm" , "Smoke alarm" , "https://www.sdir.no/SDIR_Simulator#Fireproofing" , "Firesafety" ,
 "https://www.sdir.no/SDIR_Simulator#SmokeAlarm" , "Smoke alarm" , "https://www.sdir.no/SDIR_Simulator#Equipment" , "Equipment" ,
 "https://www.sdir.no/SDIR_Simulator#Fireproofing" , "Firesafety" , "https://www.sdir.no/SDIR_Simulator#SafetyEquipment" , "Safety equipment" ,
 "https://www.sdir.no/SDIR_Simulator#Information" , "Information" ,  ,  ,
 "https://www.sdir.no/SDIR_Simulator#FireInsulation" , "Fire insulation" , "https://www.sdir.no/SDIR_Simulator#Insulation" , "Insulation" ,
 "https://www.sdir.no/SDIR_Simulator#Railing" , "Railing" , "https://www.sdir.no/SDIR_Simulator#Construction" , "Construction" ,
 "https://www.sdir.no/SDIR_Simulator#Railing" , "Railing" , "https://www.sdir.no/SDIR_Simulator#SafetyMeasures" , "Safety measures" ,
 "https://www.sdir.no/SDIR_Simulator#Deckhouse" , "Deckhouse" , "https://www.sdir.no/SDIR_Simulator#Placement" , "Placement" ,
 "https://www.sdir.no/SDIR_Simulator#RadarReflector" , "Radar reflector" , "https://www.sdir.no/SDIR_Simulator#Radar" , "Radar" ,
 "https://www.sdir.no/SDIR_Simulator#ExtinguishingGas" , "Extinguishing gas" , "https://www.sdir.no/SDIR_Simulator#ExtinguishingMedium" , "Extinguishing medium" ,
 "https://www.sdir.no/SDIR_Simulator#ProhibitionSign" , "Prohibition sign" , "https://www.sdir.no/SDIR_Simulator#Sign" , "Sign" ,
 "https://www.sdir.no/SDIR_Simulator#FjordFishing" , "Fjord fishing" , "https://www.sdir.no/SDIR_Simulator#TradeArea" , "Trade area" ,
 "https://www.sdir.no/SDIR_Simulator#Fishing" , "Fishing" , "https://www.sdir.no/SDIR_Simulator#Scope" , "Scope" ,
 "https://www.sdir.no/SDIR_Simulator#NautricalPublication" , "Nautrical publication" , "https://www.sdir.no/SDIR_Simulator#Information" , "Information" ,
 "https://www.sdir.no/SDIR_Simulator#OilPressureReductionValve" , "Oil pressure reduction valve" , "https://www.sdir.no/SDIR_Simulator#Valve" , "Valve" ,
 "https://www.sdir.no/SDIR_Simulator#SetOfShapes" , "Set of shapes" , "https://www.sdir.no/SDIR_Simulator#SignalingEquipment" , "Signaling equipment" ,
 "https://www.sdir.no/SDIR_Simulator#Pipe" , "Pipe" , "https://www.sdir.no/SDIR_Simulator#Machinery" , "Machinery" ,
 "https://www.sdir.no/SDIR_Simulator#CargoHandlingAppliances" , "Cargo handling appliances" , "https://www.sdir.no/SDIR_Simulator#Equipment" , "Equipment" ,
 "https://www.sdir.no/SDIR_Simulator#BatteryRoom" , "Battery room" , "https://www.sdir.no/SDIR_Simulator#Placement" , "Placement" ,
 "https://www.sdir.no/SDIR_Simulator#NonCombustibleMaterial" , "Non-combustible material" , "https://www.sdir.no/SDIR_Simulator#ConstructionMaterial" , "Construction material" ,
 "https://www.sdir.no/SDIR_Simulator#Casing" , "Casing" , "https://www.sdir.no/SDIR_Simulator#Construction" , "Construction" ,
 "https://www.sdir.no/SDIR_Simulator#SmokeGas" , "Smoke gas" ,  ,  ,
 "https://www.sdir.no/SDIR_Simulator#Stove" , "Stove" , "https://www.sdir.no/SDIR_Simulator#Equipment" , "Equipment" ,
 "https://www.sdir.no/SDIR_Simulator#BilgePipe" , "Bilge pipe" , "https://www.sdir.no/SDIR_Simulator#Pipe" , "Pipe" ,
 "https://www.sdir.no/SDIR_Simulator#RetroReflexMeans" , "Retro-reflex means" , "https://www.sdir.no/SDIR_Simulator#Equipment" , "Equipment" ,
 "https://www.sdir.no/SDIR_Simulator#SART" , "SART" , "https://www.sdir.no/SDIR_Simulator#Equipment" , "Equipment" ,
 "https://www.sdir.no/SDIR_Simulator#TransportableSignallingLamp" , "Transportable signalling lamp" , "https://www.sdir.no/SDIR_Simulator#SignallingLamp" , "Signalling lamp" ,
 "https://www.sdir.no/SDIR_Simulator#Fireplace" , "Fireplace" , "https://www.sdir.no/SDIR_Simulator#Equipment" , "Equipment" ,
 "https://www.sdir.no/SDIR_Simulator#Construction" , "Construction" ,  ,  ,
 "https://www.sdir.no/SDIR_Simulator#SpeedMeasuringDevice" , "Speed measuring device" , "https://www.sdir.no/SDIR_Simulator#Equipment" , "Equipment" ,
 "https://www.sdir.no/SDIR_Simulator#RadioWatch" , "Radio watch" , "https://www.sdir.no/SDIR_Simulator#Role" , "Role" ,
 "https://www.sdir.no/SDIR_Simulator#Steel" , "Steel" , "https://www.sdir.no/SDIR_Simulator#NonCombustibleMaterial" , "Non-combustible material" ,
 "https://www.sdir.no/SDIR_Simulator#FreeingPort" , "Freeing port" , "https://www.sdir.no/SDIR_Simulator#Construction" , "Construction" ,
 "https://www.sdir.no/SDIR_Simulator#FreeingPort" , "Freeing port" , "https://www.sdir.no/SDIR_Simulator#FreeingPortArea" , "Freeing port area" ,
 "https://www.sdir.no/SDIR_Simulator#Bulwark" , "Bulwark" , "https://www.sdir.no/SDIR_Simulator#Construction" , "Construction" ,
 "https://www.sdir.no/SDIR_Simulator#ClosingValve" , "Closing valve" , "https://www.sdir.no/SDIR_Simulator#Valve" , "Valve" ,
 "https://www.sdir.no/SDIR_Simulator#Lifejackets" , "Lifejackets" , "https://www.sdir.no/SDIR_Simulator#LifeSavingAppliances" , "Life saving appliances" ,
 "https://www.sdir.no/SDIR_Simulator#Gas" , "Gas" , "https://www.sdir.no/SDIR_Simulator#PowerSource" , "Power source" ,
 "https://www.sdir.no/SDIR_Simulator#Gas" , "Gas" , "https://www.sdir.no/SDIR_Simulator#Substance" , "Substance" ,
 "https://www.sdir.no/SDIR_Simulator#RadioInstallation" , "Radio installation" , "https://www.sdir.no/SDIR_Simulator#Radio" , "Radio" ,
 "https://www.sdir.no/SDIR_Simulator#ExternalOpenings" , "External openings" , "https://www.sdir.no/SDIR_Simulator#Construction" , "Construction" ,
 "https://www.sdir.no/SDIR_Simulator#Role" , "Role" ,  ,  ,
 "https://www.sdir.no/SDIR_Simulator#FixedLight" , "Fixed light" , "https://www.sdir.no/SDIR_Simulator#Lights" , "Lights" ,
 "https://www.sdir.no/SDIR_Simulator#Nitrocellulose" , "Nitrocellulose" , "https://www.sdir.no/SDIR_Simulator#Material" , "Material" ,
 "https://www.sdir.no/SDIR_Simulator#GreaterInShore" , "Greater than in-shore" , "https://www.sdir.no/SDIR_Simulator#TradeArea" , "Trade area" ,
 "https://www.sdir.no/SDIR_Simulator#Varnish" , "Varnish" , "https://www.sdir.no/SDIR_Simulator#Material" , "Material" ,
 "https://www.sdir.no/SDIR_Simulator#RecreationalCraft" , "Recreational craft" , "https://www.sdir.no/SDIR_Simulator#Ship" , "Ship" ,
 "https://www.sdir.no/SDIR_Simulator#OilGaugeGlass" , "Oil gauge glass" , "https://www.sdir.no/SDIR_Simulator#Instrument" , "Instrument" ,
 "https://www.sdir.no/SDIR_Simulator#Binocular" , "Binocular" , "https://www.sdir.no/SDIR_Simulator#NavigationEquipment" , "Navigation equipment" ,
 "https://www.sdir.no/SDIR_Simulator#Bow" , "Bow" , "https://www.sdir.no/SDIR_Simulator#Construction" , "Construction" ,
 "https://www.sdir.no/SDIR_Simulator#Bow" , "Bow" , "https://www.sdir.no/SDIR_Simulator#Placement" , "Placement" ,
 "https://www.sdir.no/SDIR_Simulator#Whistle" , "Whistle" , "https://www.sdir.no/SDIR_Simulator#SoundSignalApparatuses" , "Sound signal apparatuses" ,
 "https://www.sdir.no/SDIR_Simulator#DistressSignal" , "Distress signal" , "https://www.sdir.no/SDIR_Simulator#DistressSignalEquipment" , "Distress signal equipment" ,
 "https://www.sdir.no/SDIR_Simulator#Cargo" , "Cargo" ,  ,  ,
 "https://www.sdir.no/SDIR_Simulator#FixedBench" , "Fixed bench" , "https://www.sdir.no/SDIR_Simulator#Placement" , "Placement" ,
 "https://www.sdir.no/SDIR_Simulator#HandFlare" , "Hand flare" , "https://www.sdir.no/SDIR_Simulator#DistressSignalEquipment" , "Distress signal equipment" ,
 "https://www.sdir.no/SDIR_Simulator#Klaxon" , "Klaxon" , "https://www.sdir.no/SDIR_Simulator#SoundSignalApparatuses" , "Sound signal apparatuses" ,
 "https://www.sdir.no/SDIR_Simulator#Fuel" , "Fuel" , "https://www.sdir.no/SDIR_Simulator#PowerSource" , "Power source" ,
 "https://www.sdir.no/SDIR_Simulator#Bilge" , "Bilge" , "https://www.sdir.no/SDIR_Simulator#Construction" , "Construction" ,
 "https://www.sdir.no/SDIR_Simulator#OverflowSystem" , "Overflow system" , "https://www.sdir.no/SDIR_Simulator#Equipment" , "Equipment" ,
 "https://www.sdir.no/SDIR_Simulator#Equipment" , "Equipment" ,  ,  ,
 "https://www.sdir.no/SDIR_Simulator#PrismaticBinocular" , "Prismatic binocular" , "https://www.sdir.no/SDIR_Simulator#Binocular" , "Binocular" ,
 "https://www.sdir.no/SDIR_Simulator#SmokeSignal" , "Smoke signal" , "https://www.sdir.no/SDIR_Simulator#DistressSignalEquipment" , "Distress signal equipment" ,
 "https://www.sdir.no/SDIR_Simulator#ElectricalCompany" , "Electrical company" , "https://www.sdir.no/SDIR_Simulator#Company" , "Company" ,
 "https://www.sdir.no/SDIR_Simulator#OilPipe" , "Oil pipe" , "https://www.sdir.no/SDIR_Simulator#Pipe" , "Pipe" ,
 "https://www.sdir.no/SDIR_Simulator#Tank" , "Tank" , "https://www.sdir.no/SDIR_Simulator#Placement" , "Placement" ,
 "https://www.sdir.no/SDIR_Simulator#Packaging" , "Packaging" , "https://www.sdir.no/SDIR_Simulator#Equipment" , "Equipment" ,
 "https://www.sdir.no/SDIR_Simulator#Helsman" , "Helsman" , "https://www.sdir.no/SDIR_Simulator#Role" , "Role" ,
 "https://www.sdir.no/SDIR_Simulator#AdhersiveNote" , "Adhersive note" , "https://www.sdir.no/SDIR_Simulator#Poster" , "Poster" ,
 "https://www.sdir.no/SDIR_Simulator#Ship" , "Ship" ,  ,  ,
 "https://www.sdir.no/SDIR_Simulator#Reciever" , "Reciever" , "https://www.sdir.no/SDIR_Simulator#RadioEquipment" , "Radio equipment" ,
 "https://www.sdir.no/SDIR_Simulator#MeansOfClosure" , "Means of closure" , "https://www.sdir.no/SDIR_Simulator#ExternalOpenings" , "External openings" ,
 "https://www.sdir.no/SDIR_Simulator#SurvivalCraft" , "Survival craft" , "https://www.sdir.no/SDIR_Simulator#LifeSavingAppliances" , "Life saving appliances" ,
 "https://www.sdir.no/SDIR_Simulator#StabilityPoster" , "Stability poster" , "https://www.sdir.no/SDIR_Simulator#StabilityDocumentation" , "Stability documentation" ,
 "https://www.sdir.no/SDIR_Simulator#StabilityPoster" , "Stability poster" , "https://www.sdir.no/SDIR_Simulator#Poster" , "Poster" ,
 "https://www.sdir.no/SDIR_Simulator#ServiceStation" , "Service station" , "https://www.sdir.no/SDIR_Simulator#Company" , "Company" ,
 "https://www.sdir.no/SDIR_Simulator#Identification" , "Identification" ,  ,  ,
 "https://www.sdir.no/SDIR_Simulator#Door" , "Door" , "https://www.sdir.no/SDIR_Simulator#MeansOfClosure" , "Means of closure" ,
 "https://www.sdir.no/SDIR_Simulator#LooseBulkhead" , "Loose bulkhead" , "https://www.sdir.no/SDIR_Simulator#Stability" , "Stability" ,
 "https://www.sdir.no/SDIR_Simulator#LooseBulkhead" , "Loose bulkhead" , "https://www.sdir.no/SDIR_Simulator#Bulkhead" , "Bulkhead" ,
 "https://www.sdir.no/SDIR_Simulator#AiringPipe" , "Airing pipe" , "https://www.sdir.no/SDIR_Simulator#Pipe" , "Pipe" ,
 "https://www.sdir.no/SDIR_Simulator#AiringPipe" , "Airing pipe" , "https://www.sdir.no/SDIR_Simulator#ExternalOpenings" , "External openings" ,
 "https://www.sdir.no/SDIR_Simulator#Thermometer" , "Thermometer" , "https://www.sdir.no/SDIR_Simulator#Equipment" , "Equipment" ,
 "https://www.sdir.no/SDIR_Simulator#ExtinguisherSpareCharge" , "Extinguisher spare charge" , "https://www.sdir.no/SDIR_Simulator#Fireproofing" , "Firesafety" ,
 "https://www.sdir.no/SDIR_Simulator#ExtinguisherSpareCharge" , "Extinguisher spare charge" , "https://www.sdir.no/SDIR_Simulator#Equipment" , "Equipment" ,
 "https://www.sdir.no/SDIR_Simulator#ExtinguisherSpareCharge" , "Extinguisher spare charge" , "https://www.sdir.no/SDIR_Simulator#SparePart" , "Spare part" ,
 "https://www.sdir.no/SDIR_Simulator#InstructionForUseAndMaintenance" , "Instruction for use and maintenance" , "https://www.sdir.no/SDIR_Simulator#Information" , "Information" ,
 "https://www.sdir.no/SDIR_Simulator#VesselCertificate" , "Vessel certificate" , "https://www.sdir.no/SDIR_Simulator#Certificate" , "Certificate" ,
 "https://www.sdir.no/SDIR_Simulator#MMSI" , "MMSI" , "https://www.sdir.no/SDIR_Simulator#Identification" , "Identification" ,
 "https://www.sdir.no/SDIR_Simulator#Iceland" , "Iceland" , "https://www.sdir.no/SDIR_Simulator#Country" , "Country" ,
 "https://www.sdir.no/SDIR_Simulator#RadioInspectionCompany" , "Radio inspection company" , "https://www.sdir.no/SDIR_Simulator#Company" , "Company" ,
 "https://www.sdir.no/SDIR_Simulator#WorkingDeck" , "Working deck" , "https://www.sdir.no/SDIR_Simulator#Deck" , "Deck" ,
 "https://www.sdir.no/SDIR_Simulator#AuxiliaryVessel" , "Auxiliary vessel" , "https://www.sdir.no/SDIR_Simulator#Ship" , "Ship" ,
 "https://www.sdir.no/SDIR_Simulator#WeatherForcast" , "Weather forcast" , "https://www.sdir.no/SDIR_Simulator#Information" , "Information" ,
 "https://www.sdir.no/SDIR_Simulator#ElectricPower" , "Electric power" , "https://www.sdir.no/SDIR_Simulator#PowerSource" , "Power source" ,
 "https://www.sdir.no/SDIR_Simulator#Radar" , "Radar" , "https://www.sdir.no/SDIR_Simulator#Equipment" , "Equipment" ,
 "https://www.sdir.no/SDIR_Simulator#Hatch" , "Hatch" , "https://www.sdir.no/SDIR_Simulator#MeansOfClosure" , "Means of closure" ,
 "https://www.sdir.no/SDIR_Simulator#FreshWaterTank" , "Fresh water tank" , "https://www.sdir.no/SDIR_Simulator#Tank" , "Tank" ,
 "https://www.sdir.no/SDIR_Simulator#SteeringAid" , "Steering aid" , "https://www.sdir.no/SDIR_Simulator#Steering" , "Steering" ,
 "https://www.sdir.no/SDIR_Simulator#Gasket" , "Gasket" , "https://www.sdir.no/SDIR_Simulator#SparePart" , "Spare part" ,
 "https://www.sdir.no/SDIR_Simulator#BilgeFlap" , "Bilge flap" , "https://www.sdir.no/SDIR_Simulator#Construction" , "Construction" ,
 "https://www.sdir.no/SDIR_Simulator#ExtinguishingMedium" , "Extinguishing medium" , "https://www.sdir.no/SDIR_Simulator#Fireproofing" , "Firesafety" ,
 "https://www.sdir.no/SDIR_Simulator#ExtinguishingMedium" , "Extinguishing medium" , "https://www.sdir.no/SDIR_Simulator#Substance" , "Substance" ,
 "https://www.sdir.no/SDIR_Simulator#SideHatch" , "Side hatch" , "https://www.sdir.no/SDIR_Simulator#Hatch" , "Hatch" ,
 "https://www.sdir.no/SDIR_Simulator#Navigator" , "Navigator" , "https://www.sdir.no/SDIR_Simulator#Role" , "Role" ,
 "https://www.sdir.no/SDIR_Simulator#TradeArea" , "Trade area" ,  ,  ,
 "https://www.sdir.no/SDIR_Simulator#DraughtMarks" , "Draught marks" , "https://www.sdir.no/SDIR_Simulator#Information" , "Information" ,
 "https://www.sdir.no/SDIR_Simulator#GalvanizedSteel" , "Galvanized steel" , "https://www.sdir.no/SDIR_Simulator#NonCombustibleMaterial" , "Non-combustible material" ,
 "https://www.sdir.no/SDIR_Simulator#LetterConcerningInspectionOfStabilityCalculations" , "Letter concerning inspection of stability calculations" , "https://www.sdir.no/SDIR_Simulator#StabilityDocumentation" , "Stability documentation" ,
 "https://www.sdir.no/SDIR_Simulator#GMDSSIdentity" , "GMDSS identity" , "https://www.sdir.no/SDIR_Simulator#Identification" , "Identification" ,
 "https://www.sdir.no/SDIR_Simulator#Barriers" , "Barriers" , "https://www.sdir.no/SDIR_Simulator#SafetyMeasures" , "Safety measures" ,
 "https://www.sdir.no/SDIR_Simulator#FloatValve" , "Float valve" , "https://www.sdir.no/SDIR_Simulator#Valve" , "Valve" ,
 "https://www.sdir.no/SDIR_Simulator#MeansOfEscape" , "Means of escape" , "https://www.sdir.no/SDIR_Simulator#Placement" , "Placement" ,
 "https://www.sdir.no/SDIR_Simulator#Compass" , "Compass" , "https://www.sdir.no/SDIR_Simulator#Instrument" , "Instrument" ,
 "https://www.sdir.no/SDIR_Simulator#Compass" , "Compass" , "https://www.sdir.no/SDIR_Simulator#NavigationEquipment" , "Navigation equipment" ,
 "https://www.sdir.no/SDIR_Simulator#Ladder" , "Ladder" , "https://www.sdir.no/SDIR_Simulator#Construction" , "Construction" ,
 "https://www.sdir.no/SDIR_Simulator#Ladder" , "Ladder" , "https://www.sdir.no/SDIR_Simulator#Equipment" , "Equipment" ,
 "https://www.sdir.no/SDIR_Simulator#Ladder" , "Ladder" , "https://www.sdir.no/SDIR_Simulator#SafetyMeasures" , "Safety measures" ,
 "https://www.sdir.no/SDIR_Simulator#BridgeNavigationalWatchAlarmSystem" , "Bridge navigational watch alarm system" , "https://www.sdir.no/SDIR_Simulator#Equipment" , "Equipment" ,
 "https://www.sdir.no/SDIR_Simulator#DistressSignalEquipment" , "Distress signal equipment" , "https://www.sdir.no/SDIR_Simulator#SignalingEquipment" , "Signaling equipment" ,
 "https://www.sdir.no/SDIR_Simulator#Trunk" , "Trunk" , "https://www.sdir.no/SDIR_Simulator#Storage" , "Storage" ,
 "https://www.sdir.no/SDIR_Simulator#Corridor" , "Corridor" , "https://www.sdir.no/SDIR_Simulator#Placement" , "Placement" ,
 "https://www.sdir.no/SDIR_Simulator#Caffine" , "Caffine" , "https://www.sdir.no/SDIR_Simulator#Fuel" , "Fuel" ,
 "https://www.sdir.no/SDIR_Simulator#LifeSavingAppliances" , "Life saving appliances" , "https://www.sdir.no/SDIR_Simulator#Equipment" , "Equipment" ,
 "https://www.sdir.no/SDIR_Simulator#MeansForRemovingIce" , "Means for removing ice" , "https://www.sdir.no/SDIR_Simulator#Equipment" , "Equipment" ,
 "https://www.sdir.no/SDIR_Simulator#BankFishing" , "Bank fishing" , "https://www.sdir.no/SDIR_Simulator#TradeArea" , "Trade area" ,
 "https://www.sdir.no/SDIR_Simulator#StabilityDocumentation" , "Stability documentation" , "https://www.sdir.no/SDIR_Simulator#Information" , "Information" ,
 "https://www.sdir.no/SDIR_Simulator#AccumulatorBattery" , "Accumulator battery" , "https://www.sdir.no/SDIR_Simulator#PowerSource" , "Power source" ,
 "https://www.sdir.no/SDIR_Simulator#NorwegianMerchantFlag" , "Norwegian merchant flag" , "https://www.sdir.no/SDIR_Simulator#SignalFlag" , "Signal flag" ,
 "https://www.sdir.no/SDIR_Simulator#Stability" , "Stability" ,  ,  ,
 "https://www.sdir.no/SDIR_Simulator#RadioChannel" , "Radio channel" , "https://www.sdir.no/SDIR_Simulator#Radio" , "Radio" ,
 "https://www.sdir.no/SDIR_Simulator#SafetyMeasures" , "Safety measures" ,  ,  ,
 "https://www.sdir.no/SDIR_Simulator#Hull" , "Hull" , "https://www.sdir.no/SDIR_Simulator#Construction" , "Construction" ,
 "https://www.sdir.no/SDIR_Simulator#Hull" , "Hull" , "https://www.sdir.no/SDIR_Simulator#Placement" , "Placement" ,
 "https://www.sdir.no/SDIR_Simulator#FishingGear" , "Fishing gear" , "https://www.sdir.no/SDIR_Simulator#Equipment" , "Equipment" ,
 "https://www.sdir.no/SDIR_Simulator#Saucer" , "Saucer" , "https://www.sdir.no/SDIR_Simulator#Equipment" , "Equipment" ,
 "https://www.sdir.no/SDIR_Simulator#DepthMeasuringEquipment" , "Depth measuring equipment" , "https://www.sdir.no/SDIR_Simulator#Equipment" , "Equipment" ,
 "https://www.sdir.no/SDIR_Simulator#SmokeDetector" , "Smoke detector" , "https://www.sdir.no/SDIR_Simulator#Fireproofing" , "Firesafety" ,
 "https://www.sdir.no/SDIR_Simulator#SmokeDetector" , "Smoke detector" , "https://www.sdir.no/SDIR_Simulator#Equipment" , "Equipment" ,
 "https://www.sdir.no/SDIR_Simulator#Insulation" , "Insulation" ,  ,  ,
 "https://www.sdir.no/SDIR_Simulator#SignalFlag" , "Signal flag" , "https://www.sdir.no/SDIR_Simulator#SignalingEquipment" , "Signaling equipment" ,
 "https://www.sdir.no/SDIR_Simulator#Bulkhead" , "Bulkhead" , "https://www.sdir.no/SDIR_Simulator#Construction" , "Construction" ,
 "https://www.sdir.no/SDIR_Simulator#SeaArea" , "Sea area" , "https://www.sdir.no/SDIR_Simulator#GeographicalLocation" , "Geographical location" ,
 "https://www.sdir.no/SDIR_Simulator#ReportFormForElectricalInstallations" , "Report form for electrical installations" , "https://www.sdir.no/SDIR_Simulator#Information" , "Information" ,
 "https://www.sdir.no/SDIR_Simulator#Record" , "Record" , "https://www.sdir.no/SDIR_Simulator#Information" , "Information" ,
 "https://www.sdir.no/SDIR_Simulator#Switchboard" , "Switchboard" , "https://www.sdir.no/SDIR_Simulator#Equipment" , "Equipment" ,
 "https://www.sdir.no/SDIR_Simulator#Lights" , "Lights" , "https://www.sdir.no/SDIR_Simulator#Equipment" , "Equipment" ,
 "https://www.sdir.no/SDIR_Simulator#IlluminationArrangement" , "Illumination arrangement" , "https://www.sdir.no/SDIR_Simulator#Equipment" , "Equipment" ,
 "https://www.sdir.no/SDIR_Simulator#ExhaustManifold" , "Exhaust manifold" , "https://www.sdir.no/SDIR_Simulator#Pipe" , "Pipe" ,
 "https://www.sdir.no/SDIR_Simulator#CertificateOfInstallationForGasfiredInstallations" , "Certificate of installation for gasfired installations" , "https://www.sdir.no/SDIR_Simulator#Information" , "Information" ,
 "https://www.sdir.no/SDIR_Simulator#SafetyEquipment" , "Safety equipment" ,  ,  ,
 "https://www.sdir.no/SDIR_Simulator#AudibleAndVisualAlarm" , "Audible and visual alarm" , "https://www.sdir.no/SDIR_Simulator#DistressSignalEquipment" , "Distress signal equipment" ,
 "https://www.sdir.no/SDIR_Simulator#HeatDetector" , "Heat detector" , "https://www.sdir.no/SDIR_Simulator#Fireproofing" , "Firesafety" ,
 "https://www.sdir.no/SDIR_Simulator#HeatDetector" , "Heat detector" , "https://www.sdir.no/SDIR_Simulator#Equipment" , "Equipment" ,
 "https://www.sdir.no/SDIR_Simulator#Master" , "Master" , "https://www.sdir.no/SDIR_Simulator#Role" , "Role" ,
 "https://www.sdir.no/SDIR_Simulator#Ventilation" , "Ventilation" ,  ,  ,
 "https://www.sdir.no/SDIR_Simulator#TideTabel" , "Tide tabel" , "https://www.sdir.no/SDIR_Simulator#Information" , "Information" ,
 "https://www.sdir.no/SDIR_Simulator#Sheet" , "Plate" , "https://www.sdir.no/SDIR_Simulator#Construction" , "Construction" ,
 "https://www.sdir.no/SDIR_Simulator#Beam" , "Beam" , "https://www.sdir.no/SDIR_Simulator#Construction" , "Construction" ,
 "https://www.sdir.no/SDIR_Simulator#InstallationAttestationForElectricalInstallations" , "Installation attestation for electrical installations" , "https://www.sdir.no/SDIR_Simulator#Information" , "Information" ,
 "https://www.sdir.no/SDIR_Simulator#BankFishingI" , "Bank fishing I" , "https://www.sdir.no/SDIR_Simulator#BankFishing" , "Bank fishing" ,
 "https://www.sdir.no/SDIR_Simulator#Manhole" , "Manhole" , "https://www.sdir.no/SDIR_Simulator#Construction" , "Construction" ,
 "https://www.sdir.no/SDIR_Simulator#Scandinavia" , "Scandinavia" , "https://www.sdir.no/SDIR_Simulator#Subregion" , "Subregion" ,
 "https://www.sdir.no/SDIR_Simulator#LoadedWaterline" , "Loaded waterline" , "https://www.sdir.no/SDIR_Simulator#Placement" , "Placement" ,
 "https://www.sdir.no/SDIR_Simulator#Waterline" , "Waterline" , "https://www.sdir.no/SDIR_Simulator#Placement" , "Placement" ,
 "https://www.sdir.no/SDIR_Simulator#FillingPipe" , "Filling pipe" , "https://www.sdir.no/SDIR_Simulator#Pipe" , "Pipe" ,
 "https://www.sdir.no/SDIR_Simulator#SoundSignalApparatuses" , "Sound signal apparatuses" , "https://www.sdir.no/SDIR_Simulator#SignalingEquipment" , "Signaling equipment" ,
 "https://www.sdir.no/SDIR_Simulator#ReleaseEquipment" , "Release equipment" , "https://www.sdir.no/SDIR_Simulator#Fireproofing" , "Firesafety" ,
 "https://www.sdir.no/SDIR_Simulator#ReleaseEquipment" , "Release equipment" , "https://www.sdir.no/SDIR_Simulator#Equipment" , "Equipment" ,
 "https://www.sdir.no/SDIR_Simulator#Aluminium" , "Aluminium" , "https://www.sdir.no/SDIR_Simulator#NonCombustibleMaterial" , "Non-combustible material" ,
 "https://www.sdir.no/SDIR_Simulator#ManholeCover" , "Manhole cover" , "https://www.sdir.no/SDIR_Simulator#MeansOfClosure" , "Means of closure" ,
 "https://www.sdir.no/SDIR_Simulator#Manual" , "Manual" , "https://www.sdir.no/SDIR_Simulator#Information" , "Information" ,
 "https://www.sdir.no/SDIR_Simulator#Generator" , "Generator" , "https://www.sdir.no/SDIR_Simulator#PowerSource" , "Power source" ,
 "https://www.sdir.no/SDIR_Simulator#Storage" , "Storage" , "https://www.sdir.no/SDIR_Simulator#Equipment" , "Equipment" ,
 "https://www.sdir.no/SDIR_Simulator#ImmersionSuits" , "Immersion suits" , "https://www.sdir.no/SDIR_Simulator#LifeSavingAppliances" , "Life saving appliances" ,
 "https://www.sdir.no/SDIR_Simulator#Scupper" , "Scupper" , "https://www.sdir.no/SDIR_Simulator#Construction" , "Construction" ,
 "https://www.sdir.no/SDIR_Simulator#Deck" , "Deck" , "https://www.sdir.no/SDIR_Simulator#Construction" , "Construction" ,
 "https://www.sdir.no/SDIR_Simulator#Deck" , "Deck" , "https://www.sdir.no/SDIR_Simulator#Placement" , "Placement" ,
 "https://www.sdir.no/SDIR_Simulator#EngineRoom" , "Engine room" , "https://www.sdir.no/SDIR_Simulator#Placement" , "Placement" ,
 "https://www.sdir.no/SDIR_Simulator#CallSign" , "Call sign" , "https://www.sdir.no/SDIR_Simulator#Identification" , "Identification" ,
 "https://www.sdir.no/SDIR_Simulator#GeographicalLocation" , "Geographical location" ,  ,  ,
 "https://www.sdir.no/SDIR_Simulator#SailingDirections" , "Sailing directions" , "https://www.sdir.no/SDIR_Simulator#Information" , "Information" ,
 "https://www.sdir.no/SDIR_Simulator#RadarTransponder" , "Radar transponder" , "https://www.sdir.no/SDIR_Simulator#Radar" , "Radar" ,
 "https://www.sdir.no/SDIR_Simulator#RadarApparatus" , "Radar apparatus" , "https://www.sdir.no/SDIR_Simulator#Radar" , "Radar" ,
 "https://www.sdir.no/SDIR_Simulator#DrainSpigot" , "Drain spigot" , "https://www.sdir.no/SDIR_Simulator#Pipe" , "Pipe" ,
 "https://www.sdir.no/SDIR_Simulator#RadioSystem" , "Radio system" , "https://www.sdir.no/SDIR_Simulator#Radio" , "Radio" ,
 "https://www.sdir.no/SDIR_Simulator#Subdivision" , "Subdivision" , "https://www.sdir.no/SDIR_Simulator#Construction" , "Construction" ,
 "https://www.sdir.no/SDIR_Simulator#Material" , "Material" ,  ,  ,
 "https://www.sdir.no/SDIR_Simulator#GasfiredInstallation" , "Gasfired installation" , "https://www.sdir.no/SDIR_Simulator#Equipment" , "Equipment" ,
 "https://www.sdir.no/SDIR_Simulator#Radiotelephony" , "Radiotelephony" , "https://www.sdir.no/SDIR_Simulator#RadioEquipment" , "Radio equipment" ,
 "https://www.sdir.no/SDIR_Simulator#Placement" , "Placement" ,  ,  ,
 "https://www.sdir.no/SDIR_Simulator#Paint" , "Paint" , "https://www.sdir.no/SDIR_Simulator#Material" , "Material" ,
 "https://www.sdir.no/SDIR_Simulator#RecordBookForCargoHandlingAppliances" , "Record book for cargo-handling appliances" , "https://www.sdir.no/SDIR_Simulator#Information" , "Information" ,
 "https://www.sdir.no/SDIR_Simulator#MagneticCompass" , "Magnetic compass" , "https://www.sdir.no/SDIR_Simulator#Compass" , "Compass" ,
 "https://www.sdir.no/SDIR_Simulator#SeawaterPipe" , "Seawater pipe" , "https://www.sdir.no/SDIR_Simulator#Pipe" , "Pipe" ,
 "https://www.sdir.no/SDIR_Simulator#DistanceMeasuringDevice" , "Distance measuring device" , "https://www.sdir.no/SDIR_Simulator#Equipment" , "Equipment" ,
 "https://www.sdir.no/SDIR_Simulator#WarningSign" , "Warning sign" , "https://www.sdir.no/SDIR_Simulator#Sign" , "Sign" ,
 "https://www.sdir.no/SDIR_Simulator#Stairway" , "Stairway" , "https://www.sdir.no/SDIR_Simulator#Placement" , "Placement" ,
 "https://www.sdir.no/SDIR_Simulator#Wood" , "Wood" , "https://www.sdir.no/SDIR_Simulator#CombustibleMaterial" , "Combustible material" ,
 "https://www.sdir.no/SDIR_Simulator#Norway" , "Norway" , "https://www.sdir.no/SDIR_Simulator#Country" , "Country" ,
 "https://www.sdir.no/SDIR_Simulator#RegulationValve" , "Regulation valve" , "https://www.sdir.no/SDIR_Simulator#Valve" , "Valve" ,
 "https://www.sdir.no/SDIR_Simulator#Valve" , "Valve" , "https://www.sdir.no/SDIR_Simulator#Machinery" , "Machinery" ,
 "https://www.sdir.no/SDIR_Simulator#SparePart" , "Spare part" , "https://www.sdir.no/SDIR_Simulator#Equipment" , "Equipment" ,
 "https://www.sdir.no/SDIR_Simulator#Scope" , "Scope" ,  ,  ,
 "https://www.sdir.no/SDIR_Simulator#Superstructure" , "Superstructure" , "https://www.sdir.no/SDIR_Simulator#Construction" , "Construction" ,
 "https://www.sdir.no/SDIR_Simulator#AutomaticPilotSystem" , "Automatic pilot system" , "https://www.sdir.no/SDIR_Simulator#Steering" , "Steering" ,
 "https://www.sdir.no/SDIR_Simulator#TestFaucet" , "Test faucet" , "https://www.sdir.no/SDIR_Simulator#Faucet" , "Faucet" ,
 "https://www.sdir.no/SDIR_Simulator#FishingVessel" , "Fishing Vessel" , "https://www.sdir.no/SDIR_Simulator#Ship" , "Ship" ,
 "https://www.sdir.no/SDIR_Simulator#Tunnel" , "Tunnel" , "https://www.sdir.no/SDIR_Simulator#Placement" , "Placement" ,
 "https://www.sdir.no/SDIR_Simulator#Notice" , "Notice" , "https://www.sdir.no/SDIR_Simulator#Information" , "Information" ,
 "https://www.sdir.no/SDIR_Simulator#WaterSeparator" , "Water separator" , "https://www.sdir.no/SDIR_Simulator#Machinery" , "Machinery" ,
 "https://www.sdir.no/SDIR_Simulator#OilFuel" , "Oil fuel" , "https://www.sdir.no/SDIR_Simulator#Fuel" , "Fuel" ,
 "https://www.sdir.no/SDIR_Simulator#Company" , "Company" ,  ,  ,
 "https://www.sdir.no/SDIR_Simulator#LooseLight" , "Loose light" , "https://www.sdir.no/SDIR_Simulator#Lights" , "Lights" ,
 "https://www.sdir.no/SDIR_Simulator#AntiSkidSurface" , "Anti-skid surface" , "https://www.sdir.no/SDIR_Simulator#SafetyMeasures" , "Safety measures" ,
 "https://www.sdir.no/SDIR_Simulator#CombustibleMaterial" , "Combustible material" , "https://www.sdir.no/SDIR_Simulator#ConstructionMaterial" , "Construction material" ,
 "https://www.sdir.no/SDIR_Simulator#Sign" , "Sign" , "https://www.sdir.no/SDIR_Simulator#Information" , "Information" ,
 "https://www.sdir.no/SDIR_Simulator#RadioEquipment" , "Radio equipment" , "https://www.sdir.no/SDIR_Simulator#Radio" , "Radio" ,
 "https://www.sdir.no/SDIR_Simulator#Oil" , "Oil" , "https://www.sdir.no/SDIR_Simulator#PowerSource" , "Power source" ,
 "https://www.sdir.no/SDIR_Simulator#PowerSource" , "Power source" ,  ,  ,
 "https://www.sdir.no/SDIR_Simulator#Certificate" , "Certificate" ,  ,  ,
 "https://www.sdir.no/SDIR_Simulator#ApprovedCompany" , "Approved company" , "https://www.sdir.no/SDIR_Simulator#Company" , "Company" ,
 "https://www.sdir.no/SDIR_Simulator#RadioCoverageArea" , "Radio coverage area" ,  ,  ,
 "https://www.sdir.no/SDIR_Simulator#Gangways" , "Gangways" , "https://www.sdir.no/SDIR_Simulator#Equipment" , "Equipment" ,
 "https://www.sdir.no/SDIR_Simulator#Gangways" , "Gangways" , "https://www.sdir.no/SDIR_Simulator#Deck" , "Deck" ,
 "https://www.sdir.no/SDIR_Simulator#SanitaryDischarge" , "Sanitary discharge" , "https://www.sdir.no/SDIR_Simulator#Pipe" , "Pipe" ,
 "https://www.sdir.no/SDIR_Simulator#Monitor" , "Monitor" , "https://www.sdir.no/SDIR_Simulator#Equipment" , "Equipment" ,
 "https://www.sdir.no/SDIR_Simulator#Steering" , "Steering" ,  ,  ,
 "https://www.sdir.no/SDIR_Simulator#Stern" , "Stern" , "https://www.sdir.no/SDIR_Simulator#Placement" , "Placement" ,
 "https://www.sdir.no/SDIR_Simulator#Chart" , "Chart" , "https://www.sdir.no/SDIR_Simulator#Information" , "Information" ,
 "https://www.sdir.no/SDIR_Simulator#Drill" , "Drill" ,  ,  ,
 "https://www.sdir.no/SDIR_Simulator#BreathingProtection" , "Breathing protection" , "https://www.sdir.no/SDIR_Simulator#Equipment" , "Equipment" ,
 "https://www.sdir.no/SDIR_Simulator#CollectionTank" , "Collection tank" , "https://www.sdir.no/SDIR_Simulator#Tank" , "Tank" ,
 "https://www.sdir.no/SDIR_Simulator#Denmark" , "Denmark" , "https://www.sdir.no/SDIR_Simulator#Country" , "Country" ,
 "https://www.sdir.no/SDIR_Simulator#DripTray" , "Drip tray" , "https://www.sdir.no/SDIR_Simulator#Equipment" , "Equipment" ,
 "https://www.sdir.no/SDIR_Simulator#Tool" , "Tool" ,  ,  ,
 "https://www.sdir.no/SDIR_Simulator#Copper" , "Copper" , "https://www.sdir.no/SDIR_Simulator#NonCombustibleMaterial" , "Non-combustible material" ,
 "https://www.sdir.no/SDIR_Simulator#AdjustmentAndSteeringDevices" , "Adjustment and steering devices" , "https://www.sdir.no/SDIR_Simulator#Steering" , "Steering" ,
 "https://www.sdir.no/SDIR_Simulator#PyrotechnicalEquipment" , "Pyrotechnical equipment" , "https://www.sdir.no/SDIR_Simulator#Equipment" , "Equipment" ,
 "https://www.sdir.no/SDIR_Simulator#WaterBallastTank" , "Water ballast tank" , "https://www.sdir.no/SDIR_Simulator#Tank" , "Tank" ,
 "https://www.sdir.no/SDIR_Simulator#Rockwool" , "Rockwool" , "https://www.sdir.no/SDIR_Simulator#NonCombustibleMaterial" , "Non-combustible material" ,
 "https://www.sdir.no/SDIR_Simulator#ForeignPort" , "Foreign port" , "https://www.sdir.no/SDIR_Simulator#GeographicalLocation" , "Geographical location" ,
 "https://www.sdir.no/SDIR_Simulator#RadarMast" , "Radar mast" , "https://www.sdir.no/SDIR_Simulator#Equipment" , "Equipment" ,
 "https://www.sdir.no/SDIR_Simulator#LiquifiedHydrocarbonGases" , "Liquified hydrocarbon gases" , "https://www.sdir.no/SDIR_Simulator#Fuel" , "Fuel" ,
 "https://www.sdir.no/SDIR_Simulator#FuelOilTank" , "Fuel oil tank" , "https://www.sdir.no/SDIR_Simulator#Tank" , "Tank" ,
 "https://www.sdir.no/SDIR_Simulator#DeclarationOfConformityFromManufacturerOfLiferaft" , "Declaration of conformity from manufacturer of liferaft" , "https://www.sdir.no/SDIR_Simulator#Information" , "Information" ,
 "https://www.sdir.no/SDIR_Simulator#RadarDisplayUnitIndicator" , "Radar display unit indicator" , "https://www.sdir.no/SDIR_Simulator#Radar" , "Radar" ,
 "https://www.sdir.no/SDIR_Simulator#NoticesToMariners" , "Notices to mariners" , "https://www.sdir.no/SDIR_Simulator#Information" , "Information" ,
 "https://www.sdir.no/SDIR_Simulator#Instrument" , "Instrument" , "https://www.sdir.no/SDIR_Simulator#Equipment" , "Equipment" ,
 "https://www.sdir.no/SDIR_Simulator#Surface" , "Surface" , "https://www.sdir.no/SDIR_Simulator#Placement" , "Placement" ,
 "https://www.sdir.no/SDIR_Simulator#FireExtinguishingSystem" , "Fire-extinguishing system" , "https://www.sdir.no/SDIR_Simulator#Fireproofing" , "Firesafety" ,
 "https://www.sdir.no/SDIR_Simulator#FireExtinguishingSystem" , "Fire-extinguishing system" , "https://www.sdir.no/SDIR_Simulator#Equipment" , "Equipment" ,
 "https://www.sdir.no/SDIR_Simulator#DripRegulation" , "Drip regulation" , "https://www.sdir.no/SDIR_Simulator#Equipment" , "Equipment" ,
 "https://www.sdir.no/SDIR_Simulator#Floor" , "Floor" , "https://www.sdir.no/SDIR_Simulator#Deck" , "Deck" ,
 "https://www.sdir.no/SDIR_Simulator#ConstructionMaterial" , "Construction material" , "https://www.sdir.no/SDIR_Simulator#Material" , "Material" ,
 "https://www.sdir.no/SDIR_Simulator#Alleyway" , "Alleyway" , "https://www.sdir.no/SDIR_Simulator#Placement" , "Placement" ,
 "https://www.sdir.no/SDIR_Simulator#SafetyRadioCertificate" , "Safety radio certificate" , "https://www.sdir.no/SDIR_Simulator#VesselCertificate" , "Vessel certificate" ,
 "https://www.sdir.no/SDIR_Simulator#RadarAntenna" , "Radar antenna" , "https://www.sdir.no/SDIR_Simulator#Radar" , "Radar" ,
 "https://www.sdir.no/SDIR_Simulator#RotatingPropulsionAndSteeringPropellerSystem" , "Rotating propulsion and steering propeller system" , "https://www.sdir.no/SDIR_Simulator#Steering" , "Steering" ,
 "https://www.sdir.no/SDIR_Simulator#VentilationOpening" , "VentilationOpening" , "https://www.sdir.no/SDIR_Simulator#ExternalOpenings" , "External openings" ,
 "https://www.sdir.no/SDIR_Simulator#Chimney" , "Chimney" , "https://www.sdir.no/SDIR_Simulator#Construction" , "Construction" ,
 "https://www.sdir.no/SDIR_Simulator#Requirement" , "Requirement" ,  ,  ,
 "https://www.sdir.no/SDIR_Simulator#TradeInIce" , "Trade in ice" , "https://www.sdir.no/SDIR_Simulator#TradeArea" , "Trade area" ,
 "https://www.sdir.no/SDIR_Simulator#SafetyPrecaution" , "Safety precaution" , "https://www.sdir.no/SDIR_Simulator#SafetyMeasures" , "Safety measures" ,
 "https://www.sdir.no/SDIR_Simulator#EmergencyPower" , "Emergency power" , "https://www.sdir.no/SDIR_Simulator#PowerSource" , "Power source" ,
 "https://www.sdir.no/SDIR_Simulator#ConfirmationOfConstruction" , "Confirmation of construction" , "https://www.sdir.no/SDIR_Simulator#Information" , "Information" ,
 "https://www.sdir.no/SDIR_Simulator#Substance" , "Substance" ,  ,  ,
 "https://www.sdir.no/SDIR_Simulator#SignalingEquipment" , "Signaling equipment" , "https://www.sdir.no/SDIR_Simulator#Equipment" , "Equipment" ,
 "https://www.sdir.no/SDIR_Simulator#InstallationInstruction" , "Installation instruction" , "https://www.sdir.no/SDIR_Simulator#Information" , "Information" ,
 "https://www.sdir.no/SDIR_Simulator#FrontWindow" , "Front window" , "https://www.sdir.no/SDIR_Simulator#Window" , "Window" ,
 "https://www.sdir.no/SDIR_Simulator#ExhaustPipe" , "Exhaust pipe" , "https://www.sdir.no/SDIR_Simulator#Pipe" , "Pipe" ,
 "https://www.sdir.no/SDIR_Simulator#Propane" , "Propane" , "https://www.sdir.no/SDIR_Simulator#Fuel" , "Fuel" ,
 "https://www.sdir.no/SDIR_Simulator#ListOfLights" , "List of lights" , "https://www.sdir.no/SDIR_Simulator#Information" , "Information" ,
 "https://www.sdir.no/SDIR_Simulator#Wheelhouse" , "Wheelhouse" , "https://www.sdir.no/SDIR_Simulator#Placement" , "Placement" ,
 "https://www.sdir.no/SDIR_Simulator#Machinery" , "Machinery" ,  ,  ,
 "https://www.sdir.no/SDIR_Simulator#ProductionDeck" , "Production deck" , "https://www.sdir.no/SDIR_Simulator#Deck" , "Deck" ,
 "https://www.sdir.no/SDIR_Simulator#Antenna" , "Antenna" , "https://www.sdir.no/SDIR_Simulator#Equipment" , "Equipment" ,
 "https://www.sdir.no/SDIR_Simulator#RadarDisplay" , "Radar display" , "https://www.sdir.no/SDIR_Simulator#Radar" , "Radar" ,
 "https://www.sdir.no/SDIR_Simulator#Clock" , "Clock" , "https://www.sdir.no/SDIR_Simulator#Equipment" , "Equipment" ,
 "https://www.sdir.no/SDIR_Simulator#Clock" , "Clock" , "https://www.sdir.no/SDIR_Simulator#NavigationEquipment" , "Navigation equipment" ,
 "https://www.sdir.no/SDIR_Simulator#Window" , "Window" , "https://www.sdir.no/SDIR_Simulator#ExternalOpenings" , "External openings" ,
 "https://www.sdir.no/SDIR_Simulator#SignallingLamp" , "Signalling lamp" , "https://www.sdir.no/SDIR_Simulator#Lights" , "Lights" ,
 "https://www.sdir.no/SDIR_Simulator#SignallingLamp" , "Signalling lamp" , "https://www.sdir.no/SDIR_Simulator#SignalingEquipment" , "Signaling equipment" ,
 "https://www.sdir.no/SDIR_Simulator#Rudder" , "Rudder" , "https://www.sdir.no/SDIR_Simulator#Steering" , "Steering" ,
 "https://www.sdir.no/SDIR_Simulator#WeatherDeck" , "Weather deck" , "https://www.sdir.no/SDIR_Simulator#Deck" , "Deck" ,
 "https://www.sdir.no/SDIR_Simulator#DescriptionOfFireExtinguishingSystem" , "Description of fire-extinguishing system" , "https://www.sdir.no/SDIR_Simulator#Information" , "Information" ,
 "https://www.sdir.no/SDIR_Simulator#Faucet" , "Faucet" , "https://www.sdir.no/SDIR_Simulator#Valve" , "Valve" ,
 "https://www.sdir.no/SDIR_Simulator#NavigationEquipment" , "Navigation equipment" , "https://www.sdir.no/SDIR_Simulator#Equipment" , "Equipment" ,
 "https://www.sdir.no/SDIR_Simulator#LiftingEquipment" , "Lifting equipment" , "https://www.sdir.no/SDIR_Simulator#CargoHandlingAppliances" , "Cargo handling appliances" ,
 "https://www.sdir.no/SDIR_Simulator#FlexiblePipeConnection" , "Flexible pipe connection" , "https://www.sdir.no/SDIR_Simulator#Pipe" , "Pipe" ,
 "https://www.sdir.no/SDIR_Simulator#LooseLadder" , "Loose ladder" , "https://www.sdir.no/SDIR_Simulator#Ladder" , "Ladder" ,
 "https://www.sdir.no/SDIR_Simulator#Lifebuoys" , "Lifebuoys" , "https://www.sdir.no/SDIR_Simulator#LifeSavingAppliances" , "Life saving appliances" ,
 "https://www.sdir.no/SDIR_Simulator#Searchlight" , "Searchlight" , "https://www.sdir.no/SDIR_Simulator#Lights" , "Lights" ,
 "https://www.sdir.no/SDIR_Simulator#FireDetectionAlarmSystem" , "Fire detection and alarm system" , "https://www.sdir.no/SDIR_Simulator#Fireproofing" , "Firesafety" ,
 "https://www.sdir.no/SDIR_Simulator#FireDetectionAlarmSystem" , "Fire detection and alarm system" , "https://www.sdir.no/SDIR_Simulator#Equipment" , "Equipment" ,
 "https://www.sdir.no/SDIR_Simulator#Poster" , "Poster" , "https://www.sdir.no/SDIR_Simulator#Information" , "Information" ,
 "https://www.sdir.no/SDIR_Simulator#SignalWhistle" , "Signal whistle" , "https://www.sdir.no/SDIR_Simulator#LifeSavingAppliances" , "Life saving appliances" ,
 "https://www.sdir.no/SDIR_Simulator#InShore" , "In-shore" , "https://www.sdir.no/SDIR_Simulator#TradeArea" , "Trade area" ,
 "https://www.sdir.no/SDIR_Simulator#UptakePipe" , "Uptake pipe" , "https://www.sdir.no/SDIR_Simulator#Pipe" , "Pipe" ,
 "https://www.sdir.no/SDIR_Simulator#Greenland" , "Greenland" , "https://www.sdir.no/SDIR_Simulator#Country" , "Country" ,
 "https://www.sdir.no/SDIR_Simulator#AccomodationArea" , "Accomodation area" , "https://www.sdir.no/SDIR_Simulator#Placement" , "Placement" ,
 "https://www.sdir.no/SDIR_Simulator#FreeingPortArea" , "Freeing port area" , "https://www.sdir.no/SDIR_Simulator#FreeingPort" , "Freeing port" ,
 "https://www.sdir.no/SDIR_Simulator#FreeingPortArea" , "Freeing port area" , "https://www.sdir.no/SDIR_Simulator#Stability" , "Stability" ,
 "https://www.sdir.no/SDIR_Simulator#VentilationSystem" , "Ventilation system" , "https://www.sdir.no/SDIR_Simulator#Ventilation" , "Ventilation" ,
 "https://www.sdir.no/SDIR_Simulator#Freeboard" , "Freeboard" , "https://www.sdir.no/SDIR_Simulator#Stability" , "Stability" ,
 "https://www.sdir.no/SDIR_Simulator#HandRail" , "Hand rail" , "https://www.sdir.no/SDIR_Simulator#Railing" , "Railing" ,
 "https://www.sdir.no/SDIR_Simulator#DocumentationOfPressureTestingTightnessTesting" , "Documentation of pressure-testing/tightness-testing" , "https://www.sdir.no/SDIR_Simulator#Information" , "Information" ,
 "https://www.sdir.no/SDIR_Simulator#BankFishingII" , "Bank fishing II" , "https://www.sdir.no/SDIR_Simulator#BankFishing" , "Bank fishing" ,
 "https://www.sdir.no/SDIR_Simulator#CentreLine" , "Centre line" , "https://www.sdir.no/SDIR_Simulator#Placement" , "Placement" ,
